{"cameraMode":{"drawMode":0,"name":"Shaded","section":"Shading Mode"},"sceneLighting":false,"audioPlay":false,"sceneViewState":{"showFog":true,"showMaterialUpdate":false,"showSkybox":true,"showFlares":true,"showImageEffects":true,"showParticleSystems":true},"in2DMode":false,"pivot":{"x":1.4940080642700196,"y":-1.6417795419692994,"z":3.463778495788574},"rotation":{"x":0.21892042458057404,"y":0.20602214336395265,"z":-0.04734853282570839,"w":0.9525706171989441},"size":8.237198829650879,"orthographic":false}